gross_income,employee_payroll_tax,employer_payroll_tax,ordinary_income_after_401k,agi,taxable_income,deduction_type,deductions,personal_exemption_amt,pease_limitation_amt,income_tax_before_credits,qualified_income_tax,selected_tax_before_credits,amt_taxable_income,amt,income_tax_before_credits_with_amt,ctc,actc,eitc,income_tax_after_nonrefundable_credits,medicare_surtax,niit,income_tax_after_other_taxes,income_tax_after_credits,tax_burden,tax_wedge,avg_effective_tax_rate,avg_effective_tax_rate_wo_payroll,marginal_income_tax_rate,marginal_business_income_tax_rate
30000,2295.0,2295.0,27400,27400,16750.0,standard,6500.0,4150.0,0,2036.25,2036.25,2036.25,0,0,2036.25,0,0,0,2036.25,0,0.0,2036.25,2036.25,4331.25,6626.25,0.20517882025081283,0.067875,0.2265,0.15
52000,3978.0,3978.0,48000,48000,26000.0,standard,9550.0,12450.0,0,3220.0,3220.0,3220.0,0,0,3220.0,2000.0,0,0,1220.0,0,0.0,1220.0,1220.0,5198.0,9176.0,0.16392154060523778,0.02346153846153846,0.2265,0.15
75000,5737.5,5737.5,69500,69500,58850.0,standard,6500.0,4150.0,0,10366.25,10366.25,10366.25,14100.0,0,10366.25,0,0,0,10366.25,0,0.0,10366.25,10366.25,16103.75,21841.25,0.2705217525932807,0.13821666666666665,0.3265,0.25
85000,6502.5,6502.5,79500,79500,49900.0,standard,13000.0,16600.0,0,6532.5,6532.5,6532.5,0,0,6532.5,2000.0,0,0,4532.5,0,0.0,4532.5,4532.5,11035.0,17537.5,0.19166143001557334,0.05332352941176471,0.2265,0.15
165000,12622.5,12622.5,145000,145000,102660.0,itemized,25740,16600.0,0,16972.5,16972.5,16972.5,44710.0,0,16972.5,250.0,0,0,16722.5,0,0.0,16722.5,16722.5,29345.0,41967.5,0.23627355768554095,0.10134848484848485,0.3865,0.31
800000,19579.4,19579.4,782000,782000,670860.0,itemized,111140.0,0,13860.0,209804.76,209804.76,209804.76,762000.0,0,209804.76,0,0,0,209804.76,4950.0,0.0,214754.76,214754.76,234334.16,253913.56,0.3098095925788276,0.26844345000000003,0.431379999999993,0.407879999999993
2000000,36979.4,36979.4,1981500,1981500,1808992.0,itemized,172508.0,0,49845.0,660505.03,660505.03,660505.03,1896500.0,0,660505.03,0,0,0,660505.03,15749.999999999998,0.0,676255.03,676255.03,713234.43,750213.8300000001,0.3682972100748786,0.338127515,0.4313799999999814,0.40787999999998137
48000,2386.8,2386.8,31200,35000.0,11100.0,standard,15600.0,8300.0,0,1110.0,1110.0,1110.0,0,0,1110.0,0,0,0,1110.0,0,0.0,1110.0,1110.0,3496.8,5883.6,0.11676867751077663,0.023125,0.2265,0.15
