gross_income,employee_payroll_tax,employer_payroll_tax,ordinary_income_after_401k,agi,taxable_income,deduction_type,deductions,personal_exemption_amt,pease_limitation_amt,income_tax_before_credits,qualified_income_tax,selected_tax_before_credits,amt_taxable_income,amt,income_tax_before_credits_with_amt,ctc,actc,eitc,personal_credit,income_tax_after_nonrefundable_credits,income_tax_after_credits,total_payroll_tax,cash_income,tax_burden,tax_wedge,take_home_pay,avg_effective_tax_rate,avg_effective_tax_rate_wo_payroll,marginal_income_tax_rate,marginal_business_income_tax_rate
30000,2295.0,2295.0,27400,27400,15200.0,standard,12200.0,0.0,0,1824.0,1824.0,1824.0,0,0,1824.0,0,0,0,300,1524.0,1524.0,4590.0,32295.0,3819.0,6114.0,26181.0,0.18931723176962378,0.0508,0.1965,0.12
52000,3978.0,3978.0,48000,48000,29700.0,standard,18300.0,0.0,0,3564.0,3564.0,3564.0,0,0,3564.0,3200.0,0,0,300,64.0,64.0,7956.0,55978.0,4042.0,8020.0,47958.0,0.1432705705812998,0.0012307692307692308,0.1965,0.12
75000,5737.5,5737.5,69500,69500,57300.0,standard,12200.0,0.0,0,8475.0,8475.0,8475.0,14100.0,0,8475.0,0,0,0,300,8175.0,8175.0,11475.0,80737.5,13912.5,19650.0,61087.5,0.24338132837900603,0.109,0.3265,0.25
85000,6502.5,6502.5,79500,79500,55100.0,standard,24400.0,0.0,0,6612.0,6612.0,6612.0,0,0,6612.0,3200.0,0,0,600,2812.0,2812.0,13005.0,91502.5,9314.5,15817.0,75685.5,0.17285866506379607,0.03308235294117647,0.1965,0.12
165000,12622.5,12622.5,145000,145000,120600.0,standard,24400.0,0.0,0,18450.0,18450.0,18450.0,58800.0,0,18450.0,3200.0,0,0,600,14650.0,14650.0,25245.0,177622.5,27272.5,39895.0,137727.5,0.22460555391349632,0.08878787878787879,0.3265,0.25
200000,7650.0,7650.0,81000,181000,156600.0,standard,24400.0,0.0,0,27450.0,27450.0,27450.0,99025.0,0,27450.0,4800.0,0,0,600,22050.0,22050.0,15300.0,207650.0,29700.0,37350.0,170300.0,0.17986997351312303,0.11025,0.3265,0.25
2000000,36979.4,36979.4,1981500,1981500,1897897,itemized,83603,0,0,692707.21,692707.21,692707.21,1914000,0,692707.21,0,0,0,600,692107.21,692107.21,73958.8,2036979.4,729086.61,766066.01,1270913.39,0.37607940954140234,0.346053605,0.4105,0.25
48000,2386.8,2386.8,31200,35000.0,10600.0,standard,24400.0,0.0,0,1272.0,1272.0,1272.0,0,0,1272.0,0,0,0,600,672.0,672.0,4773.6,50386.8,3058.8,5445.6,44941.200000000004,0.10807592464693135,0.014,0.2565,0.18
