gross_income,employee_payroll_tax,employer_payroll_tax,ordinary_income_after_401k,agi,taxable_income,deduction_type,deductions,personal_exemption_amt,pease_limitation_amt,income_tax_before_credits,qualified_income_tax,selected_tax_before_credits,amt_taxable_income,amt,income_tax_before_credits_with_amt,ctc,actc,eitc,personal_credit,income_tax_after_nonrefundable_credits,income_tax_after_credits,tax_burden,tax_wedge,avg_effective_tax_rate,avg_effective_tax_rate_wo_payroll,marginal_income_tax_rate,marginal_business_income_tax_rate
30000,2295.0,2295.0,27400,27400,15200.0,standard,12200.0,0.0,0,1824.0,1824.0,1824.0,0,0,1824.0,0,0,0,300,1524.0,1524.0,3819.0,6114.0,0.1273,0.0508,0.1965,0.12
52000,3978.0,3978.0,48000,48000,29700.0,standard,18300.0,0.0,0,3564.0,3564.0,3564.0,0,0,3564.0,1000.0,2200.0,0,300,2264.0,64.0,4042.0,8020.0,0.07773076923076923,0.0012307692307692308,0.1965,0.12
75000,5737.5,5737.5,69500,69500,57300.0,standard,12200.0,0.0,0,8475.0,8475.0,8475.0,14100.0,0,8475.0,0,0,0,300,8175.0,8175.0,13912.5,19650.0,0.1855,0.109,0.3265,0.25
85000,6502.5,6502.5,79500,79500,55100.0,standard,24400.0,0.0,0,6612.0,6612.0,6612.0,0,0,6612.0,1000.0,2200.0,0,600,5012.0,2812.0,9314.5,15817.0,0.10958235294117646,0.03308235294117647,0.1965,0.12
165000,12622.5,12622.5,145000,145000,120600.0,standard,24400.0,0.0,0,18450.0,18450.0,18450.0,58800.0,0,18450.0,1000.0,2200.0,0,600,16850.0,14650.0,27272.5,39895.0,0.1652878787878788,0.08878787878787879,0.3265,0.25
325000,18016.9,17341.9,288000,288000,255900.0,itemized,32100,0.0,0,52275.0,52275.0,52275.0,205150.0,0,52275.0,0,1900.0,0,600,51675.0,49775.0,67791.9,85133.79999999999,0.20859046153846153,0.15315384615384614,0.3235,0.3
2000000,52729.4,36979.4,1981500,1981500,1897897,itemized,83603,0,0,692707.21,692707.21,692707.21,1914000,0,692707.21,0,0,0,600,692107.21,692107.21,744836.61,781816.01,0.372418305,0.346053605,0.4195,0.25
48000,2386.8,2386.8,31200,35000.0,10600.0,standard,24400.0,0.0,0,1272.0,1272.0,1272.0,0,0,1272.0,0,0,0,600,672.0,672.0,3058.8,5445.6,0.063725,0.014,0.2565,0.18
