gross_income,employee_payroll_tax,employer_payroll_tax,ordinary_income_after_401k,agi,taxable_income,deduction_type,deductions,personal_exemption_amt,pease_limitation_amt,income_tax_before_credits,qualified_income_tax,selected_tax_before_credits,amt_taxable_income,amt,income_tax_before_credits_with_amt,ctc,actc,eitc,personal_credit,income_tax_after_nonrefundable_credits,income_tax_after_credits,tax_burden,tax_wedge,avg_effective_tax_rate,avg_effective_tax_rate_wo_payroll,marginal_income_tax_rate,marginal_business_income_tax_rate
30000,2295.0,2295.0,30000,30000,17800.0,standard,12200.0,0.0,0,2136.0,2136.0,2136.0,0,0,2136.0,0,0,0,300,1836.0,1836.0,4131.0,6426.0,0.1989781699953553,0.0612,0.1965,0.12
52000,3978.0,3978.0,52000,52000,33700.0,standard,18300.0,0.0,0,4044.0,4044.0,4044.0,0,0,4044.0,3200.0,0,0,300,544.0,544.0,4522.0,8500.0,0.15184536782307334,0.010461538461538461,0.1965,0.12
75000,5737.5,5737.5,69500,69500,57300.0,standard,12200.0,0.0,0,8475.0,8475.0,8475.0,14100.0,0,8475.0,0,0,0,300,8175.0,8175.0,13912.5,19650.0,0.24338132837900603,0.109,0.3265,0.25
85000,6502.5,6502.5,85000,85000,60600.0,standard,24400.0,0.0,0,7272.0,7272.0,7272.0,0,0,7272.0,3200.0,0,0,600,3472.0,3472.0,9974.5,16477.0,0.18007158274364088,0.04084705882352941,0.1965,0.12
165000,12622.5,12622.5,145000,145000,120600.0,standard,24400.0,0.0,0,18450.0,18450.0,18450.0,58800.0,0,18450.0,3200.0,0,0,600,14650.0,14650.0,27272.5,39895.0,0.22460555391349632,0.08878787878787879,0.3265,0.25
800000,19579.4,19579.4,782000,782000,752000,itemized,30000,0,0,225500.0,225500.0,225500.0,762000,0,225500.0,0,0,0,600,224900.0,224900.0,244479.4,264058.8,0.3221881857938352,0.281125,0.3645,0.25
2000000,36979.4,36979.4,1981500,1981500,1897897,itemized,83603,0,0,692707.21,692707.21,692707.21,1914000,0,692707.21,0,0,0,600,692107.21,692107.21,729086.61,766066.01,0.37607940954140234,0.346053605,0.4105,0.25
48000,2386.8,2386.8,31200,35000.0,10600.0,standard,24400.0,0.0,0,1272.0,1272.0,1272.0,0,0,1272.0,0,0,0,600,672.0,672.0,3058.8,5445.6,0.10807592464693135,0.014,0.2565,0.18
