gross_income,employee_payroll_tax,employer_payroll_tax,ordinary_income_after_401k,agi,taxable_income,deduction_type,deductions,personal_exemption_amt,pease_limitation_amt,income_tax_before_credits,qualified_income_tax,selected_tax_before_credits,amt_taxable_income,amt,income_tax_before_credits_with_amt,ctc,actc,eitc,dep_credit,income_tax_after_nonrefundable_credits,medicare_surtax,niit,income_tax_after_other_taxes,income_tax_after_credits,tax_burden,tax_wedge,avg_effective_tax_rate,avg_effective_tax_rate_wo_payroll,marginal_income_tax_rate,marginal_business_income_tax_rate
30000,2295.0,2295.0,27400,27400,15400.0,standard,12000.0,0.0,0,1657.5,1657.5,1657.5,0,0,1657.5,0,0,0,0.0,1657.5,0,0.0,1657.5,1657.5,3952.5,6247.5,0.19345099860659545,0.05525,0.1965,0.096
52000,3978.0,3978.0,48000,48000,30000.0,standard,18000.0,0.0,0,3328.0,3328.0,3328.0,0,0,3328.0,1200.0,2800.0,0,0.0,2128.0,0,0.0,2128.0,-672.0,3306.0,7284.0,0.1301225481439137,-0.012923076923076923,0.1965,0.096
75000,5737.5,5737.5,69500,69500,57500.0,standard,12000.0,0.0,0,8589.5,8589.5,8589.5,0,0,8589.5,0,0,0,0.0,8589.5,0,0.0,8589.5,8589.5,14327.0,20064.5,0.24851525003870567,0.11452666666666667,0.2965,0.176
85000,6502.5,6502.5,79500,79500,55500.0,standard,24000.0,0.0,0,6279.0,6279.0,6279.0,0,0,6279.0,4000.0,0,0,0.0,2279.0,0,0.0,2279.0,2279.0,8781.5,15284.0,0.16703368760416382,0.026811764705882354,0.1965,0.096
165000,12622.5,12622.5,145000,145000,120910.0,itemized,24090.0,0.0,0,18479.2,18479.2,18479.2,21510.0,0,18479.2,4000.0,0,0,0.0,14479.2,0,0.0,14479.2,14479.2,27101.7,39724.2,0.22364396402482792,0.08775272727272727,0.2965,0.176
800000,19579.4,19579.4,782000,782000,752000.0,itemized,30000.0,0,0,217619.0,217619.0,217619.0,652600.0,0,217619.0,0,0,0,0.0,217619.0,4950.0,0.0,222569.0,222569.0,242148.4,261727.8,0.31934404403038924,0.27821125,0.3935,0.37
2000000,36979.4,36979.4,1981500,1981500,1885397.0,itemized,96103.0,0,0,636975.89,636975.89,636975.89,1901500.0,0,636975.89,0,0,0,0.0,636975.89,15749.999999999998,0.0,652725.89,652725.89,689705.29,726684.6900000001,0.356746214517437,0.326362945,0.3935,0.37
48000,2386.8,2386.8,31200,35000.0,8400.0,standard,26600.0,0.0,0,840.0,840.0,840.0,0,0,840.0,0,0,0,0.0,840.0,0,0.0,840.0,840.0,3226.8,5613.6,0.1114101312248446,0.0175,0.2265,0.13
