gross_income,employee_payroll_tax,employer_payroll_tax,ordinary_income_after_401k,agi,taxable_income,deduction_type,deductions,personal_exemption_amt,pease_limitation_amt,income_tax_before_credits,qualified_income_tax,selected_tax_before_credits,amt_taxable_income,amt,income_tax_before_credits_with_amt,ctc,actc,eitc,dep_credit,income_tax_after_nonrefundable_credits,medicare_surtax,niit,income_tax_after_other_taxes,income_tax_after_credits,total_payroll_tax,cash_income,tax_burden,tax_wedge,avg_effective_tax_rate,avg_effective_tax_rate_wo_payroll,marginal_income_tax_rate,marginal_business_income_tax_rate
30000,2295.0,2295.0,30000,30000,18000.0,standard,12000.0,0.0,0,1969.5,1969.5,1969.5,0,0,1969.5,0,0,0,0.0,1969.5,0,0.0,1969.5,1969.5,4590.0,32295.0,4264.5,6559.5,0.06098467254993033,0.06565,0.1965,0.096
52000,3978.0,3978.0,52000,52000,34000.0,standard,18000.0,0.0,0,3808.0,3808.0,3808.0,0,0,3808.0,1200.0,2800.0,0,0.0,2608.0,0,0.0,2608.0,-192.0,7956.0,55978.0,3786.0,7764.0,-0.0034299188967094217,-0.0036923076923076922,0.1965,0.096
75000,5737.5,5737.5,69500,69500,57500.0,standard,12000.0,0.0,0,8589.5,8589.5,8589.5,0,0,8589.5,0,0,0,0.0,8589.5,0,0.0,8589.5,8589.5,11475.0,80737.5,14327.0,20064.5,0.10638798575630902,0.11452666666666667,0.2965,0.176
85000,6502.5,6502.5,85000,85000,61000.0,standard,24000.0,0.0,0,6939.0,6939.0,6939.0,0,0,6939.0,4000.0,0,0,0.0,2939.0,0,0.0,2939.0,2939.0,13005.0,91502.5,9441.5,15944.0,0.03211934100161198,0.03457647058823529,0.1965,0.096
165000,12622.5,12622.5,145000,145000,120910.0,itemized,24090.0,0.0,0,18479.2,18479.2,18479.2,21510.0,0,18479.2,4000.0,0,0,0.0,14479.2,0,0.0,14479.2,14479.2,25245.0,177622.5,27101.7,39724.2,0.08151669974243128,0.08775272727272727,0.2965,0.176
800000,19560.8,19560.8,782000,782000,752000.0,itemized,30000.0,0,0,217619.0,217619.0,217619.0,652600.0,0,217619.0,0,0,0,0.0,217619.0,4950.0,0.0,222569.0,222569.0,39121.6,819560.8,242129.8,261690.59999999998,0.2715710658684505,0.27821125,0.3935,0.37
2000000,36960.8,36960.8,1981500,1981500,1885397.0,itemized,96103.0,0,0,636975.89,636975.89,636975.89,1901500.0,0,636975.89,0,0,0,0.0,636975.89,15749.999999999998,0.0,652725.89,652725.89,73921.6,2036960.8,689686.6900000001,726647.4900000001,0.32044106592527455,0.326362945,0.3935,0.37
48000,2386.8,2386.8,31200,35000.0,8400.0,standard,26600.0,0.0,0,840.0,840.0,840.0,0,0,840.0,0,0,0,0.0,840.0,0,0.0,840.0,840.0,4773.6,50386.8,3226.8,5613.6,0.016671032889566315,0.0175,0.2265,0.13
